{"val_loss": [0.2752490819177844, 0.2785945722465701, 0.27907313542704604, 0.27832575140614263, 0.28785170628166173, 0.28226564976388274, 0.2669692599512964, 0.2829845136133686, 0.27437527841866033, 0.27287782031562374, 0.2633099825506509, 0.27478434467819574, 0.2711628656953793, 0.283121237984691, 0.29787605047240107, 0.28320524933020536, 0.2744127830419255, 0.2807826776348534, 0.2876224706891143, 0.2862014035676387, 0.28403432442552545, 0.2908392264232361, 0.2895244600915252, 0.29422530515605555, 0.2918774763830369, 0.29145625426151556, 0.30964485844816175, 0.29632543841639203, 0.3052295307186261, 0.30797413595213624, 0.3062495812472921, 0.3284451360446035, 0.3061306758763189, 0.32403395613166674, 0.3322541124037682, 0.3304208125985453, 0.32834865037830446, 0.33379490230151976, 0.3308565634866985, 0.3314180956957488, 0.3342623462008343, 0.34116400285362775, 0.34647811798861405, 0.3476914835850945, 0.34983367428477263, 0.3639719822830838, 0.36129370578760434, 0.3759766130245261, 0.3722792829450364, 0.38364372613508724, 0.3744660784713561, 0.384219486260182, 0.38674303582121716, 0.3822474134376003, 0.3791255280640878, 0.4041453199569473, 0.40174484314501807, 0.4062945837930386, 0.4071018831360739, 0.411995363933291, 0.41480690892675204, 0.41206321569667864, 0.42304173144470963, 0.42501532133359915, 0.43370586328652544, 0.4283745034916954, 0.4309133845252058, 0.43822739486512025, 0.4431326868159843, 0.45031928401807514, 0.4442385139062778, 0.44258362767504444, 0.4605468614767804, 0.4594575310299782, 0.46230242392337967, 0.4717947079390252, 0.4647332126413154, 0.47462190831678547, 0.47225023950824996, 0.4805900144820484, 0.4791188028653651, 0.4849363089641067, 0.4793561457228813, 0.49324399828769283, 0.5012661002928445, 0.4950840814157213, 0.5060717581683511, 0.5127977465923652, 0.5059455111782049, 0.5068110185333624, 0.5059135857287452, 0.5085279801146091, 0.5270268215020006, 0.5145946738627086, 0.517200108422035, 0.5225996755415627, 0.5243369535167266, 0.5261930215743736, 0.5262500280454645, 0.528711579653351], "val_auc": [0.5837876223253481, 0.5852732713871912, 0.5876902520189486, 0.5896745353576209, 0.5909623684579645, 0.5924476790218675, 0.5944918417302143, 0.5968596864075028, 0.5989497901424606, 0.6010507418378406, 0.6035233592511469, 0.6063572719102233, 0.6094665147578227, 0.612678085800815, 0.6158606917748851, 0.6192283693217121, 0.6227475634750179, 0.6263309439891479, 0.629862535965185, 0.6333743153204971, 0.6368007812497736, 0.6400425628737072, 0.6432032218117579, 0.6462607957127258, 0.6493262963803413, 0.6523440420075568, 0.655270616831561, 0.6580965386465195, 0.6609148702466326, 0.6636695394576007, 0.6663738879957043, 0.6689833438869215, 0.67154939029993, 0.6741054316111682, 0.6765545887014017, 0.6789817796328719, 0.6814120192194857, 0.6838422619625555, 0.6862537127100524, 0.6885831231913525, 0.6909032263457987, 0.6932382595649498, 0.6955140762277013, 0.6977270421351086, 0.6999164231314395, 0.7020812095471329, 0.704219782162777, 0.7063200302657365, 0.7083643427429616, 0.710371475920658, 0.7123650367060117, 0.71433522433177, 0.716266771530318, 0.7181951153790744, 0.7200821339730213, 0.7219280380728239, 0.7237595163765216, 0.7255540798152605, 0.7273115134386404, 0.7290506291010125, 0.7307491425351388, 0.7324403912090853, 0.7340967962334768, 0.7357254923451573, 0.7373529678850665, 0.7389657833434091, 0.7405323069131281, 0.7420557909044679, 0.7435720544392467, 0.7450791528009231, 0.7465635435339448, 0.7480266285010568, 0.7494611150010752, 0.7508645325623111, 0.7522561397271664, 0.7536228476921585, 0.7549683941823234, 0.7563125897942912, 0.7576116487238759, 0.758908911247883, 0.7601913717913531, 0.7614491031589431, 0.7626942663259558, 0.7639263891120671, 0.7651225834752284, 0.7663057695174551, 0.7674871035693406, 0.76864664642637, 0.7697808187100191, 0.7709002406629409, 0.7720117619925966, 0.7731094613717305, 0.7742067737382315, 0.7752798346860538, 0.7763542698103978, 0.7774081200156011, 0.7784418294419022, 0.7794532101558014, 0.7804575039184849, 0.781450524703252], "loss": [0.2554485362209216, 0.2534171779778339, 0.2511612299455761, 0.24909858528452056, 0.24652520101599062, 0.24421630124029367, 0.2416676330038391, 0.23898711731760483, 0.2362708480305242, 0.23325812930088904, 0.2291399178972362, 0.22538892308692468, 0.22069235924054467, 0.21648200251614622, 0.21192043612285497, 0.20737784792802413, 0.20391663087400447, 0.19994986759443337, 0.19600484879339714, 0.19273424533193972, 0.18971127741426072, 0.18665215174933064, 0.18344894665736233, 0.18107291190951375, 0.17764299156302862, 0.17507006249694496, 0.17216573378575623, 0.16896021154300478, 0.16689129770761482, 0.16384893485673888, 0.16161705135933963, 0.15902231504547573, 0.15618289914760713, 0.1533235553755019, 0.15132340358679844, 0.14868803617126247, 0.14666688135138017, 0.14343089322245411, 0.141337990470538, 0.1389735461536237, 0.13653025946489522, 0.1346688914894259, 0.132078585370374, 0.13021246506526452, 0.128426239322169, 0.12595159955065818, 0.12406081314392874, 0.12262422718905851, 0.12015534241501762, 0.11843911092681286, 0.11732768683678543, 0.1150116023294809, 0.11321188339122583, 0.11120079129181869, 0.11083116490517693, 0.10899710968708905, 0.1066934763778385, 0.10591216357436785, 0.10401894074008519, 0.10231483146464576, 0.1016599648517648, 0.10019900574516698, 0.0989082450411411, 0.09792078042407322, 0.09666074566160854, 0.09524933909114193, 0.09409015418026177, 0.09319480040640417, 0.0921201217000509, 0.0906990491623118, 0.0896513512931191, 0.0891544006780946, 0.08752372507845145, 0.08706993709230845, 0.08625788106641764, 0.08423140279593085, 0.08394255959006446, 0.08292082643112146, 0.08183392630386772, 0.08178178324612889, 0.0805024464872054, 0.08006712337462639, 0.0781379428622688, 0.07730948596700497, 0.0768153409810801, 0.07659584852558986, 0.07576080332245211, 0.07467885959315403, 0.07443968522891803, 0.07409083521184259, 0.07326391735227174, 0.0718504590655441, 0.07144699381410546, 0.07031739471188886, 0.07003010612542848, 0.06980294386889394, 0.06972877950746646, 0.06952973794143447, 0.06790871387226556, 0.06776645772582222],