{"val_loss": [0.3005019412799315, 0.32224278976135373, 0.2959063962346102, 0.3160200439830541, 0.27566958905483646, 0.2762800689138219, 0.2784801724049915, 0.2815030386387891, 0.2680981689862813, 0.2856039840757238, 0.28508297972711977, 0.26882856555603313, 0.2827274643824237, 0.2744229938901255, 0.3029420230315604, 0.2951466046455948, 0.2803207147195033, 0.2823404329982627, 0.26841391909295154, 0.28448641307986394, 0.28418911100353944, 0.2807118069231015, 0.28833221686449734, 0.2955852193026723, 0.29617333509128807, 0.29074030635448056, 0.2881638506222609, 0.2882455317531337, 0.2957385951890653, 0.29189940910530726, 0.3019406773491445, 0.30684478855903063], "val_auc": [0.5184062787077643, 0.522114854361716, 0.5263532364320314, 0.5306926370657868, 0.5351038610275611, 0.5391251725642082, 0.5429694685537383, 0.5466394199381756, 0.5499682777767594, 0.5529830967182503, 0.5558736647599328, 0.5586672650468346, 0.5611859414787537, 0.5635539882399923, 0.5659664809010256, 0.56867145649811, 0.5714410235722709, 0.5743487660037285, 0.5774809755499928, 0.5805812971491735, 0.5838081273492457, 0.5872683361459305, 0.5908668625385907, 0.5943428237062824, 0.5976568758558474, 0.6010090064985456, 0.6043547402365818, 0.6076803353472012, 0.610887748828214, 0.6140430502980997, 0.6171398059089233, 0.6201529378733593], "loss": [0.29541505802781154, 0.2827398889341896, 0.27472098284928853, 0.26909204236150935, 0.265175615570626, 0.2621722617024301, 0.25931133001867973, 0.2564882931762814, 0.2545290442390435, 0.25224574584219306, 0.24928757440237767, 0.24760832354704657, 0.24497357195234826, 0.2422113971036162, 0.23919650747380541, 0.2359781809739363, 0.23263317636197683, 0.22768518665206092, 0.22408276817914624, 0.21945537787980854, 0.21527135229007044, 0.2102683304779461, 0.2063152713391337, 0.20286428979998883, 0.19961705521893827, 0.19593725979568255, 0.19238838771589065, 0.18975986379331147, 0.18722662336555246, 0.18397832979783862, 0.18092379702920297, 0.17838403153146143], "auc": [0.5100711777777148, 0.5205549591150028, 0.5241919543966074, 0.5285477697756851, 0.5328292613854695, 0.5372786951476546, 0.5410054048186391, 0.5448965568250906, 0.5485105194904346, 0.5514487815362962, 0.5544342853926056, 0.5573712133359886, 0.5600596982301355, 0.5624166328121178, 0.5648359225844771, 0.5672836546300596, 0.570176115017044, 0.5729097051685742, 0.5759684087806917, 0.5791272580531204, 0.5822194081086379, 0.5855267897970572, 0.5891283505613738, 0.5926892528850263, 0.5960461887813086, 0.5993311500216595, 0.6027071163915201, 0.6060398384242565, 0.6093477057741986, 0.6125018508325156, 0.6156490531210744, 0.6186550950791858], "AUC_test": [0.524529755115509, 0.5166520476341248, 0.5251079797744751, 0.5268044471740723, 0.5517789125442505, 0.5466918349266052, 0.5771002769470215, 0.5865033864974976, 0.567209005355835, 0.5840182900428772, 0.5903963446617126, 0.5852363109588623, 0.557257890701294, 0.5619643330574036, 0.5594046115875244, 0.6076799035072327, 0.5729290843009949, 0.6013173460960388, 0.5933656692504883, 0.5646273493766785, 0.5832385420799255, 0.6185040473937988, 0.6107910871505737, 0.5901237726211548, 0.5805490016937256, 0.6055364608764648, 0.5985868573188782, 0.6179372072219849, 0.5988736152648926, 0.6116143465042114, 0.591260552406311, 0.6096048355102539], "Timer": [618.0078465938568, 612.2619597911835, 612.6506559848785, 613.4866383075714, 619.8937249183655, 619.2559490203857, 619.1502916812897, 619.0819888114929, 620.2432146072388, 619.4159770011902, 620.6467077732086, 618.1321940422058, 621.0280451774597, 621.4613025188446, 619.8582580089569, 618.0855295658112, 617.003350019455, 619.3477294445038, 616.0556817054749, 616.315229177475, 615.2394623756409, 614.790694475174, 617.6956405639648, 617.1734635829926, 617.7131633758545, 619.3833510875702, 615.8672697544098, 619.1595258712769, 616.9637839794159, 614.4165186882019, 617.2381594181061, 616.7496094703674]}