{"val_loss": [0.3162563426250761, 0.31965801369631497, 0.29392319701822545, 0.28634213656010127, 0.288345690408814, 0.28915233551620784, 0.30257635157200596, 0.28709044318617, 0.28496015092392935, 0.28801424113086554, 0.27801346577875574, 0.28230775161300187, 0.2968073253732372, 0.27285920520543316, 0.280465552413925, 0.29389406419004177, 0.2751578368092625, 0.28893666453809924, 0.29051221855120996, 0.275239073828206, 0.2754533883583175, 0.27737071848317635, 0.2981112072825064, 0.29197354490528815, 0.2793618515363869, 0.27704199703423094, 0.28789775249398086, 0.2809688725201995, 0.2979514258713542, 0.28974170160814466, 0.2870283419404792, 0.2922773459367587, 0.29074667909031554, 0.2900337244164375, 0.29658957278323667, 0.28944461100374935, 0.2868534161370204, 0.2916061138206524, 0.29538022272945214, 0.28435188114317544, 0.2846479925385169, 0.3109795465743392, 0.29000964115334643, 0.2980615559481465, 0.2894912379862605, 0.28894905616823213, 0.2883875287009429, 0.2907745756210666, 0.2910901886979182, 0.2958676983259319], "val_auc": [0.5235932261654825, 0.5268981821518334, 0.5309221124145147, 0.5346085745827995, 0.5375833346877125, 0.5398164413881766, 0.5418606260784786, 0.5441597294733831, 0.5466179753872878, 0.5487317703478525, 0.5508378860616989, 0.5528510727697811, 0.5546847766721313, 0.5565822884012248, 0.5586978621733101, 0.560559741025638, 0.562253254067442, 0.5639110759017417, 0.5655640267584109, 0.5673779298307436, 0.5694622465222897, 0.5715319366218414, 0.5735144021391614, 0.575548862043624, 0.5778096945997486, 0.5802883235328528, 0.5827242213426761, 0.5851049560374982, 0.5874967921858756, 0.5898150417505209, 0.5921518958767076, 0.5945720937438318, 0.5969658029303079, 0.5993520113301374, 0.6016538036432948, 0.6038209729708733, 0.6060195398908192, 0.6082299322109272, 0.6102988564665203, 0.6123839896468645, 0.6144691762321778, 0.6163999969646161, 0.6183014390757916, 0.6202138682296117, 0.6221047011669615, 0.6239687036488465, 0.6257740086343956, 0.6275612174459659, 0.6293213220962972, 0.6309877942475252], "loss": [0.30358151773046455, 0.28826424207741547, 0.28381347043748284, 0.28042624126307314, 0.2775362006838224, 0.2757494292516875, 0.27338602884057833, 0.27187991911591985, 0.26988970373836235, 0.2684853939229139, 0.2667422990288857, 0.2653471609469668, 0.26371510001775317, 0.2623514807136673, 0.2608026459452468, 0.25891361324353795, 0.2571203493283554, 0.25547377914059693, 0.25342198723945597, 0.2514247300028841, 0.2485229449448, 0.24586499841134224, 0.24334425876541307, 0.24029052047979274, 0.23697020462615245, 0.2338969313431508, 0.2313733637415293, 0.2288556679182153, 0.22581514695654634, 0.2232334684257336, 0.221061098532294, 0.22013997492600634, 0.21720680813898105, 0.21543561878721432, 0.21424211809161878, 0.21191180192211878, 0.21060038164488057, 0.20888435243525508, 0.2070145589650292, 0.20624113733009553, 0.2041002298074708, 0.20332021726577768, 0.2018238565030185, 0.2001852351298892, 0.19931008104532044, 0.19734190217259037, 0.19649131224890468, 0.19520439282898505, 0.1942602293110662, 0.19312672204563608], "auc": [0.518615191952695, 0.5251850164491956, 0.5285857156645397, 0.5327778738555877, 0.5363372873168556, 0.5388856666975202, 0.5408434343460171, 0.5428709854835655, 0.5454811531012373, 0.5477746349725432, 0.5497859936743233, 0.5518907397264159, 0.5538023330513854, 0.555593092391088, 0.5576154378004889, 0.5597336601641996, 0.5613887830569145, 0.5631426370996591, 0.5647266669089496, 0.5664248923421799, 0.5684278462425468, 0.5705748366978456, 0.5726119016376211, 0.5745475727316101, 0.5766297484942267, 0.5790636699149688, 0.5815692220383241, 0.5838966343670166, 0.5863953040887507, 0.5886521537643237, 0.590968720916791, 0.5933347116033909, 0.595814206430935, 0.5981331200566881, 0.6005807101007242, 0.6027414281932597, 0.6049123384992247, 0.6071501870514738, 0.6093029523541968, 0.6113168142461202, 0.6134638758227435, 0.6154851035636828, 0.6173232404266134, 0.6192628925065088, 0.6211629347864538, 0.623064395759815, 0.6248777390755992, 0.6266763124504198, 0.628454604132309, 0.6301909016878134], "AUC_test": [0.5102941989898682, 0.5044968128204346, 0.5446760654449463, 0.553502082824707, 0.5392104983329773, 0.5268257260322571, 0.5276781320571899, 0.5696164965629578, 0.5579445958137512, 0.5402256846427917, 0.556582510471344, 0.5507585406303406, 0.5424193143844604, 0.5781461596488953, 0.6032822132110596, 0.5489109754562378, 0.5654663443565369, 0.546328604221344, 0.5500432848930359, 0.5978376269340515, 0.6044176816940308, 0.5763636827468872, 0.5491271615028381, 0.5588317513465881, 0.6112100481987, 0.6133793592453003, 0.5719289779663086, 0.606343150138855, 0.5514222383499146, 0.5706136226654053, 0.5893067121505737, 0.6314034461975098, 0.6003803014755249, 0.6333582401275635, 0.577883780002594, 0.5923468470573425, 0.6307451128959656, 0.6104064583778381, 0.5783226490020752, 0.6355888843536377, 0.618829607963562, 0.5673567056655884, 0.6084132790565491, 0.61041659116745, 0.6280960440635681, 0.6101004481315613, 0.6168583035469055, 0.6188744902610779, 0.6201707124710083, 0.6005273461341858], "Timer": [625.0040276050568, 617.9133467674255, 622.1476290225983, 619.904444694519, 619.7695779800415, 620.7127778530121, 621.4949510097504, 621.0845577716827, 620.0005919933319, 622.8664705753326, 620.5966203212738, 621.0968005657196, 624.8795578479767, 620.4430158138275, 619.8651614189148, 621.2590498924255, 621.9024441242218, 619.1619100570679, 620.1579718589783, 621.0911011695862, 620.3765544891357, 621.0954785346985, 618.646754026413, 618.3138253688812, 619.0824949741364, 620.416398525238, 617.9429430961609, 617.8741352558136, 615.5229525566101, 614.2317135334015, 616.8104734420776, 615.530797958374, 614.790524482727, 615.2456479072571, 616.2572226524353, 615.3538753986359, 617.9394338130951, 616.1299657821655, 617.9398307800293, 614.2796063423157, 615.9316992759705, 618.0217125415802, 617.3702006340027, 616.1298787593842, 618.0847456455231, 617.5703001022339, 616.1407742500305, 616.2108409404755, 616.3284289836884, 617.31889295578]}