{"val_loss": [0.32100014445005043, 0.3201837940103961, 0.3170222304858722, 0.3161914543509908, 0.31173206760690264, 0.3089064473042548, 0.3077038299638227, 0.30376130836475945, 0.3027054638739183, 0.29769213367771064, 0.2996876347067803, 0.29809009870796493, 0.29834846923991637, 0.2909153940006153, 0.2916765941262274, 0.29099051463606807, 0.2964592793581747, 0.2937897047303516, 0.2885829474192225, 0.28797163345615023, 0.2992061813238312, 0.29041525767552145, 0.2941038380521857, 0.28763652054495215, 0.2887539029673425, 0.28536926955515457, 0.2853918881307048, 0.2835259655682046, 0.29390253907596375, 0.28560316368028066, 0.3025361532993425, 0.2869721379239892, 0.28728883755062684, 0.28982518109084027, 0.28446736639510195, 0.2826904626901573, 0.28605714702204216, 0.2889637726626015, 0.2903871212965857, 0.3058539281489305, 0.2963488583708002, 0.29768429078361647, 0.29031006639769796, 0.292501410412969, 0.2939588851471237, 0.2945455394683499, 0.2938397968574081, 0.2929990474188648, 0.2965803675033281, 0.29893449030248603, 0.29736952257535715, 0.2971331961886443, 0.29837936673218723, 0.29404410909541967, 0.3050804115111741, 0.29913639728571734, 0.304162558786548, 0.2957809128307781, 0.3069004281502499, 0.2969620896260491, 0.30053303761058736, 0.29932065553320925, 0.303882356438493, 0.2987960792513535], "val_auc": [0.5093485550446943, 0.5090552744800872, 0.5082172943361862, 0.5080686115052235, 0.5082121842747147, 0.5086849667317679, 0.5096107001854954, 0.5108407304253552, 0.5121818777218875, 0.5136970373039091, 0.515401827159502, 0.5171211569598226, 0.5189390726736055, 0.5205552211936764, 0.5220028924222967, 0.5234361614645363, 0.5247844666405377, 0.5259923245611849, 0.5272221679756574, 0.5284947502134645, 0.5296034950226001, 0.5305933760821012, 0.531682668601892, 0.5327527687940822, 0.5337172365052716, 0.5346692022448395, 0.5355982593617001, 0.5364745534165571, 0.5373481235490563, 0.5382341945349703, 0.5390766621258785, 0.5399052199941439, 0.5408069675819689, 0.5417077496481519, 0.5425746513500092, 0.5434595639024543, 0.5443490077525809, 0.5452343873047993, 0.5460928621752985, 0.546929381545381, 0.5477169583116114, 0.5485461607621419, 0.5494407155796287, 0.550423645160415, 0.5513512028478098, 0.5522965888913639, 0.5532840440941944, 0.5542629482173715, 0.5552317105345136, 0.5561942836502843, 0.5571720822495537, 0.558125846631112, 0.5590776755673335, 0.5600465613967363, 0.5609872517238119, 0.5619099110159673, 0.5628498813313901, 0.5637862882062676, 0.5647024612504891, 0.5656110436269207, 0.5664323459779019, 0.5673191135639081, 0.5682056538426262, 0.5690896781429037], "loss": [0.3345632713634905, 0.31579069271337107, 0.31281643412037324, 0.31052198624836735, 0.3075235175218857, 0.3056500626837565, 0.3031469079495875, 0.30088990772436724, 0.29822230695480684, 0.29581476905811566, 0.29255453135065046, 0.29044623247516105, 0.2884098017664984, 0.28661724390496074, 0.28467114665845333, 0.28328022315193074, 0.2818310471496603, 0.28093556113938445, 0.279887479426751, 0.2792976679893078, 0.27834433459133756, 0.2777592520428742, 0.2770305757931895, 0.27616092959892435, 0.27577897203789953, 0.27509002291484347, 0.2745081541238146, 0.27324208166046665, 0.2731445075540093, 0.27186796798380886, 0.27136663984546755, 0.27000115817249615, 0.26981078515537893, 0.2684244920714292, 0.26773586856581905, 0.266721125204147, 0.265202554697492, 0.26482147734699213, 0.26336767717714715, 0.26218302608609223, 0.2612738623619401, 0.2596994241929252, 0.25899418765464394, 0.25711691721109503, 0.25618157255157714, 0.2548555711360001, 0.25370091660682714, 0.2531818561107754, 0.25200854462959404, 0.25054609832704683, 0.24972656228666415, 0.24869170559519085, 0.24796441680706094, 0.24771757258019042, 0.24671761912480775, 0.24536266548437638, 0.24485416770752913, 0.24437809677822578, 0.24373990652341462, 0.24259542966012743, 0.24543279916427788, 0.24191427945905852, 0.2410042337123409, 0.24057906840155052], "auc": [0.5079517676368499, 0.5101680471596068, 0.5086321453945929, 0.508153203259763, 0.5081974501829366, 0.5084406142409039, 0.5090406599099772, 0.5102203053641462, 0.511487406202508, 0.5128445907596438, 0.5145896577846335, 0.5162167935621181, 0.5180188992625743, 0.519810059660807, 0.5213055022285398, 0.5226843257149048, 0.5241772748812704, 0.5253969587117929, 0.5266275551911753, 0.5278506384554567, 0.5291239464627766, 0.5301029525281831, 0.5311085416985677, 0.5322827322970252, 0.533239655112783, 0.5342006027188182, 0.5351383594285852, 0.5360399234691103, 0.5369172764227909, 0.5377789485770404, 0.5386973600936323, 0.539473829322934, 0.5403507289108195, 0.5412819152382101, 0.5421421927369984, 0.5430301321112988, 0.543910421174148, 0.5448161333674666, 0.545650377916822, 0.5465612811167194, 0.5473061961943805, 0.5481496884457494, 0.5489698783550727, 0.5499453234317322, 0.5509069153489888, 0.5518137721999951, 0.5527962288732419, 0.553782426024258, 0.55477070234184, 0.5557175623561273, 0.5566939472195785, 0.5576497948291064, 0.5586027652015176, 0.5595597973132193, 0.5605574260146653, 0.5614479880536116, 0.5623905768182621, 0.5633106641283024, 0.5642659863988138, 0.5651526274462813, 0.5660174954470368, 0.5668806572914573, 0.5677699443865295, 0.5686565422564935], "AUC_test": [0.5380953550338745, 0.5, 0.5, 0.5072375535964966, 0.5042123794555664, 0.5098440051078796, 0.5126870274543762, 0.5146992206573486, 0.5121760964393616, 0.5346184968948364, 0.5330439805984497, 0.5493794679641724, 0.5552564859390259, 0.5381436944007874, 0.5338571667671204, 0.5549715161323547, 0.5269524455070496, 0.5329128503799438, 0.5457242131233215, 0.5672973990440369, 0.5250696539878845, 0.5401707887649536, 0.5734171271324158, 0.5409677028656006, 0.5509067177772522, 0.5499917268753052, 0.549045979976654, 0.5509145259857178, 0.5406696200370789, 0.5597584247589111, 0.5326123833656311, 0.5494582056999207, 0.5758369565010071, 0.5572243928909302, 0.5636698007583618, 0.5596948266029358, 0.5719265341758728, 0.5504581332206726, 0.5755828022956848, 0.5271291732788086, 0.544966995716095, 0.5409322381019592, 0.5753203630447388, 0.5716802477836609, 0.5463182330131531, 0.5686386227607727, 0.5715634226799011, 0.5838769674301147, 0.5551902651786804, 0.5677323341369629, 0.561780571937561, 0.5562262535095215, 0.5654227137565613, 0.5849031209945679, 0.5452895164489746, 0.5685283541679382, 0.5688908696174622, 0.5847951769828796, 0.5485395193099976, 0.5709097385406494, 0.5574919581413269, 0.5625429749488831, 0.5600781440734863, 0.5658173561096191], "Timer": [613.3801846504211, 609.4581668376923, 611.9877536296844, 635.1835708618164, 631.4147295951843, 631.9734830856323, 631.0283269882202, 633.3320021629333, 628.9576914310455, 630.8763208389282, 632.3080427646637, 617.3433129787445, 618.8886485099792, 622.4662642478943, 625.8503663539886, 622.2720048427582, 625.3864359855652, 622.9617667198181, 622.290431022644, 621.2204604148865, 622.3450577259064, 620.6961286067963, 621.419141292572, 622.6177051067352, 616.1745624542236, 618.7657649517059, 616.0295114517212, 616.7036702632904, 618.4513220787048, 617.9450976848602, 619.8900609016418, 621.6413037776947, 622.9704639911652, 619.2376675605774, 616.6803267002106, 619.4135973453522, 618.3314974308014, 622.4044418334961, 619.8097496032715, 619.7642283439636, 619.9583432674408, 623.3448655605316, 621.8461508750916, 616.9837548732758, 618.7360560894012, 620.4221723079681, 618.4597733020782, 618.9057202339172, 621.1395168304443, 620.366307258606, 621.7924430370331, 621.1154148578644, 620.4735090732574, 622.003758430481, 621.5269033908844, 619.8065383434296, 616.453381061554, 619.1361298561096, 617.7760524749756, 620.8002781867981, 626.4320669174194, 625.2055661678314, 626.6136147975922, 624.0575239658356]}